﻿<?xml version="1.0" encoding="utf-8"?>
  <!-- Copyright 2012 Visual Micro Ltd (https://www.visualmicro.com)
         This document and associated source code, controls and extensions may be freely distributed, used and or modified for any legal use. 
            DISCLAIMER: Visual Micro Ltd provides NO WARRANTY and accepts no responsibility for any damages caused as a result of using these digital files. 
               This copyright and disclaimer must remain in all copied and/or modified sources/versions. -->

  <!-- Extension: DigitalPinsStandardVisualization
        Params Help...
          Name: is used as a unique name when saving tool window positions and properties
          Caption: Tool window and help caption
          Enabled: Extension will be ignored and not loaded
          AssemblyName: dll or assembly but be COM Visible, relative path can be used
          FullTypeName: must include namespace and class of a windows control (Form, UserControl etc)
          Watch Expressions: Declare the names of any debug expressions that will trigger the extension to load. 
                  (NB: Regardless of this list, ALL expressions of the current breakpoint are provided to the control runtime)
  -->
<MicroDebugExtension Startup="WhenHit" Name="DigitalPinsStandardVisualization" 
                     Caption="Digital Pins" Enabled="1"
                     >
  <ExtensionFilter ProjectTag="" ProjectName="" SourceFileName="" FunctionName="" />
  <Visualization Type="ToolWindow" 
                 AssemblyName="bin/DigitalPinsExample.dll" 
                 FullTypeName="VisualizationExamples.DigitalPinsControl"
                 Startup="WhenHit"
                 >
     <Watch >
       <Expressions Match="Any">
        <Expression>@ReportDigital</Expression>
       </Expressions>
      </Watch>
  </Visualization>
</MicroDebugExtension>
