{"manifestVersion":"1.1","info":{"id":"c2b94433-1774-4242-8062-987a4484f1ed,version=1912.28.2","manifestType":"Extension"},"packages":[{"id":"Component.c2b94433-1774-4242-8062-987a4484f1ed","version":"1912.28.2","type":"Component","extension":true,"dependencies":{"c2b94433-1774-4242-8062-987a4484f1ed":"1912.28.2","Microsoft.VisualStudio.Component.CoreEditor":"15.0","Microsoft.VisualStudio.Component.VC.CoreIde":"15.0"},"localizedResources":[{"language":"en-US","title":"Arduino IDE for Visual Studio","description":"A fully compatible Arduino Edit, Build , Deploy and Debug tool. All Arduino IDE versions are supported. This is an admin install for all users. (optional Arduino debugger and more!). Supports Arduino and all clones (AVR, SAMD, ESP, STM32, Intel, Ti etc.). Supports Hadrware/GDB and Serial debugging of mulitple .ino, cpp files, libraries and core. Teams can split code into shared projects.\n\nNOTE: This free Arduino plugin is upated frequently, please switch off auto-update via 'tools>extensions and updates' if the update prompt annoys you. \n\nLatest release provides a number of fixes and additions. Please see the 'Release Notes' at www.visualmicro.com\n\nVisual Micro supports many different types of hardware and code libraries. These can be installed manually or using the automated installation tools provided by this extension."}]},{"id":"c2b94433-1774-4242-8062-987a4484f1ed","version":"1912.28.2","type":"Vsix","payloads":[{"fileName":"Visual.Micro.Arduino.Studio.vsix","size":3573995}],"vsixId":"c2b94433-1774-4242-8062-987a4484f1ed","extensionDir":"[installdir]\\Common7\\IDE\\Extensions\\p1hbfuhp.cmm","installSizes":{"targetDrive":17638329}}]}