﻿{
	"libraries": [
		{
			"name": "avr-debugger",
			"version": "1.0",
			"author": "Jan Dolinay",
			"maintainer": "Jan Dolinay <j.dolinay@dolinaysoft.com>",
			"sentence": "GDB stub for AVR atmega329/atmega2560 boards",
			"paragraph": "This library provides source level debugger for Arduino Uno and Mega type boards. Allows debugging without need for hardware. Add this library to your sketch, call debug_init() in your setup()",
			"website": "https://github.com/jdolinay/avr_debug",
			"category": "Hardware Debugging",
			"architectures": [
				"avr"
			],
			"types": [
				"Arduino"
			],
			"repository": "https://github.com/jdolinay/avr_debug.git",
			"url": "https://github.com/jdolinay/avr_debug/archive/master.zip",
			"archiveFileName": "avr_debug-master.zip",
			"libraryInSubFolder": "arduino\\library\\avr-debugger",
			"size": 5836

		}
	]
}