﻿<?xml version="1.0" encoding="utf-8"?>
<!-- Extension: PerformanceMonitorStandardVisualization
        Params Help...
          Name: is used as a unique name when saving tool window positions and properties
          Caption: Tool window and help caption
          Enabled: Extension will be ignored and not loaded
          AssemblyName: dll or assembly but be COM Visible, relative path can be used
          FullTypeName: must include namespace and class of a windows control (Form, UserControl etc)
          Watch Expressions: Declare the names of any debug expressions that will trigger the extension to load. 
                  (NB: Regardless of this list, ALL expressions of the current breakpoint are provided to the control runtime)
  -->
<MicroDebugExtension 
                     Name="PerformanceMonitorStandardVisualization"
                     Caption="Free Memory Monitor"
                     Enabled="1">
  
  <ExtensionFilter ProjectTag="" ProjectName="" SourceFileName="" FunctionName="" />
  <ExtensionSettings>
    <add Key="someSetting1" Value="test1" />
    <add Key="someSetting2" Value="test2" />
    <add Key="someSetting3" Value="test2" />
  </ExtensionSettings>
  
  <Visualization Type="ToolWindow" 
                 AssemblyName="bin/PerformanceMonitor.dll" 
                 FullTypeName="VisualizationExamples.PerformanceMonitorWindow" 
                 Startup="WhenHit">
    <Watch >
      <Expressions Match="Any">
        <Expression>@ReportFreeMemory</Expression>
      </Expressions>
    </Watch>
  </Visualization>

</MicroDebugExtension>