﻿<?xml version="1.0" encoding="utf-8"?>
<!-- Copyright 2012 Visual Micro Ltd (https://www.visualmicro.com)
         This document and associated source code, controls and extensions may be freely distributed, used and or modified for any legal use. 
            DISCLAIMER: Visual Micro Ltd provides NO WARRANTY and accepts no responsibility for any damages caused as a result of using these digital files. 
               This copyright and disclaimer must remain in all copied and/or modified sources/versions. -->

<!-- Extension: DigitalPinsStandardVisualization
        Params Help...
          Name: is used as a unique name when saving tool window positions and properties
          Caption: Tool window and help caption
          Enabled: Extension will be ignored and not loaded
          AssemblyName: dll or assembly but be COM Visible, relative path can be used
          FullTypeName: must include namespace and class of a windows control (Form, UserControl etc)
          Watch Expressions: Declare the names of any debug expressions that will trigger the extension to load. 
                  (NB: Regardless of this list, ALL expressions of the current breakpoint are provided to the control runtime)
  -->
<MicroDebugExtension 
                     Name="AnalogPinsStandardVisualization"
                     Caption="Analog Pins"
                     Enabled="1" Description="" HelpUrl="" Author="" UpdatesUrl="">
  
  <ExtensionFilter ProjectTag="" ProjectName="" SourceFileName="" FunctionName="" />
  <ExtensionSettings>
    <add Key="someSetting1" Value="test1" />
    <add Key="someSetting2" Value="test2" />
    <add Key="someSetting3" Value="test2" />
  </ExtensionSettings>
  
  <Visualization Type="ToolWindow" 
                 AssemblyName="bin/AnalogGraphExample.dll" 
                 FullTypeName="VisualizationExamples.AnalogGraphWindow" 
                 Startup="WhenHit">
    <Watch >
      <Expressions Match="Any">
        <Expression>@ReportAnalog</Expression>
      </Expressions>
    </Watch>
  </Visualization>

</MicroDebugExtension>