{
  "packages": [
    {
      "maintainer": "chipKIT Community",
      "help": {
        "online": "http://chipkit.net/started/learn-basics/"
      },
      "websiteURL": "http://chipkit.net/",
      "platforms": [
        {
          "name": "chipKIT",
          "architecture": "pic32",
          "version": "2.0.3",
          "category": "pic32",
          "url": "https://github.com/chipKIT32/chipKIT-core/releases/download/v2.0.3/chipkit-core-16778052.master-v2.0.3-2-g948f1cc.zip",
          "archiveFileName": "chipkit-core-16778052.master-v2.0.3-2-g948f1cc.zip",
          "checksum": "SHA-256:a88f8f42b8d0f4b9c9cf39f10748ff1bf69ac79b4e2f2cbd6a4220c4d6289248",
          "size": "7772677",
          "help": {
            "online": "http://chipkit.net/started/learn-basics/"
          },
          "boards": [
            {"name": "cerebot32mx4"},
            {"name": "cerebot32mx7"},
            {"name": "cerebot_mx3ck"},
            {"name": "chipkit_mx3"},
            {"name": "cerebot_mx3ck_512"},
            {"name": "cerebot_mx4ck"},
            {"name": "chipkit_pro_mx4"},
            {"name": "cerebot_mx7ck"},
            {"name": "chipkit_pro_mx7"},
            {"name": "chipkit_Pi"},
            {"name": "chipkit_Pi_USB_Serial"},
            {"name": "cmod"},
            {"name": "CUI32stem"},
            {"name": "ubw32_mx460"},
            {"name": "ubw32_mx795"},
            {"name": "cui32"},
            {"name": "usbono_pic32"},
            {"name": "chipkit_DP32"},
            {"name": "fubarino_mini_dev"},
            {"name": "fubarino_mini"},
            {"name": "fubarino_sd_seeed"},
            {"name": "fubarino_sd"},
            {"name": "Fubarino_SDZ"},
            {"name": "mega_pic32"},
            {"name": "mega_usb_pic32"},
            {"name": "Olimex_Pinguino32"},
            {"name": "picadillo_35t"},
            {"name": "quick240_usb_pic32"},
            {"name": "chipkit_uc32"},
            {"name": "uc32_pmod"},
            {"name": "uno_pic32"},
            {"name": "uno_pmod"},
            {"name": "chipkit_WF32"},
            {"name": "chipkit_WiFire"},
            {"name": "chipkit_WiFire_80MHz"},
            {"name": "OpenScope"},
            {"name": "openbci"},
            {"name": "Clicker2"},
            {"name": "FlipNClick_MZ"},
            {"name": "RGB_Station"},
            {"name": "DSMini"}
          ],
          "toolsDependencies": [
            {
              "packager": "chipKIT",
              "version": "1.43-pic32gcc",
              "name": "pic32-tools"
            }, 
            {
              "packager": "chipKIT",
              "version": "v2.1.41",
              "name": "pic32prog"
            },
            {
              "packager": "chipKIT",
              "version": "v2",
              "name": "drivers-windows"
            }
          ]
        },
        {
          "name": "chipKIT",
          "architecture": "pic32",
          "version": "2.0.2",
          "category": "pic32",
          "url": "https://github.com/chipKIT32/chipKIT-core/releases/download/v2.0.2/chipkit-core-16778051.master-v2.0.2.zip",
          "archiveFileName": "chipkit-core-16778051.master-v2.0.2.zip",
          "checksum": "SHA-256:0debad9a5bedd115ff8db04ccd83ad659dc8734c240455e1a562944c0e269d98",
          "size": "7769344",
          "help": {
            "online": "http://chipkit.net/started/learn-basics/"
          },
          "boards": [
            {"name": "cerebot32mx4"},
            {"name": "cerebot32mx7"},
            {"name": "cerebot_mx3ck"},
            {"name": "chipkit_mx3"},
            {"name": "cerebot_mx3ck_512"},
            {"name": "cerebot_mx4ck"},
            {"name": "chipkit_pro_mx4"},
            {"name": "cerebot_mx7ck"},
            {"name": "chipkit_pro_mx7"},
            {"name": "chipkit_Pi"},
            {"name": "chipkit_Pi_USB_Serial"},
            {"name": "cmod"},
            {"name": "CUI32stem"},
            {"name": "ubw32_mx460"},
            {"name": "ubw32_mx795"},
            {"name": "cui32"},
            {"name": "usbono_pic32"},
            {"name": "chipkit_DP32"},
            {"name": "fubarino_mini_dev"},
            {"name": "fubarino_mini"},
            {"name": "fubarino_sd_seeed"},
            {"name": "fubarino_sd"},
            {"name": "Fubarino_SDZ"},
            {"name": "mega_pic32"},
            {"name": "mega_usb_pic32"},
            {"name": "Olimex_Pinguino32"},
            {"name": "picadillo_35t"},
            {"name": "quick240_usb_pic32"},
            {"name": "chipkit_uc32"},
            {"name": "uc32_pmod"},
            {"name": "uno_pic32"},
            {"name": "uno_pmod"},
            {"name": "chipkit_WF32"},
            {"name": "chipkit_WiFire"},
            {"name": "chipkit_WiFire_80MHz"},
            {"name": "OpenScope"},
            {"name": "openbci"},
            {"name": "Clicker2"},
            {"name": "FlipNClick_MZ"},
            {"name": "RGB_Station"},
            {"name": "DSMini"}
          ],
          "toolsDependencies": [
            {
              "packager": "chipKIT",
              "version": "1.43-pic32gcc",
              "name": "pic32-tools"
            }, 
            {
              "packager": "chipKIT",
              "version": "v2.1.41",
              "name": "pic32prog"
            },
            {
              "packager": "chipKIT",
              "version": "v2",
              "name": "drivers-windows"
            }
          ]
        },
        {
          "name": "chipKIT",
          "architecture": "pic32",
          "version": "2.0.1",
          "category": "pic32",
          "url": "https://github.com/chipKIT32/chipKIT-core/releases/download/v2.0.1/chipkit-core-16778050.master-v2.0.1.zip",
          "archiveFileName": "chipkit-core-16778050.master-v2.0.1.zip",
          "checksum": "SHA-256:4cadb13c984437d6f81e4f5e130f2cc0a2152c8f05a7f1f392fde0df59394883",
          "size": "7759084",
          "help": {
            "online": "http://chipkit.net/started/learn-basics/"
          },
          "boards": [
            {"name": "cerebot32mx4"},
            {"name": "cerebot32mx7"},
            {"name": "cerebot_mx3ck"},
            {"name": "chipkit_mx3"},
            {"name": "cerebot_mx3ck_512"},
            {"name": "cerebot_mx4ck"},
            {"name": "chipkit_pro_mx4"},
            {"name": "cerebot_mx7ck"},
            {"name": "chipkit_pro_mx7"},
            {"name": "chipkit_Pi"},
            {"name": "chipkit_Pi_USB_Serial"},
            {"name": "cmod"},
            {"name": "CUI32stem"},
            {"name": "ubw32_mx460"},
            {"name": "ubw32_mx795"},
            {"name": "cui32"},
            {"name": "usbono_pic32"},
            {"name": "chipkit_DP32"},
            {"name": "fubarino_mini_dev"},
            {"name": "fubarino_mini"},
            {"name": "fubarino_sd_seeed"},
            {"name": "fubarino_sd"},
            {"name": "Fubarino_SDZ"},
            {"name": "mega_pic32"},
            {"name": "mega_usb_pic32"},
            {"name": "Olimex_Pinguino32"},
            {"name": "picadillo_35t"},
            {"name": "quick240_usb_pic32"},
            {"name": "chipkit_uc32"},
            {"name": "uc32_pmod"},
            {"name": "uno_pic32"},
            {"name": "uno_pmod"},
            {"name": "chipkit_WF32"},
            {"name": "chipkit_WiFire"},
            {"name": "chipkit_WiFire_80MHz"},
            {"name": "OpenScope"},
            {"name": "openbci"},
            {"name": "Clicker2"},
            {"name": "FlipNClick_MZ"},
            {"name": "RGB_Station"},
            {"name": "DSMini"}
          ],
          "toolsDependencies": [
            {
              "packager": "chipKIT",
              "version": "1.43-pic32gcc",
              "name": "pic32-tools"
            }, 
            {
              "packager": "chipKIT",
              "version": "v2.1.37",
              "name": "pic32prog"
            },
            {
              "packager": "chipKIT",
              "version": "v2",
              "name": "drivers-windows"
            }
          ]
        },
        {
          "name": "chipKIT",
          "architecture": "pic32",
          "version": "2.0.0",
          "category": "pic32",
          "url": "https://github.com/chipKIT32/chipKIT-core/releases/download/v2.0.0/chipkit-core-16778049.master-v2.0.0.zip",
          "archiveFileName": "chipkit-core-16778049.master-v2.0.0.zip",
          "checksum": "SHA-256:fdabe0be21420e53c2918a7bf5da3627989cd3e48d0c0aab1333ad16dfea18dc",
          "size": "7759089",
          "help": {
            "online": "http://chipkit.net/started/learn-basics/"
          },
          "boards": [
            {"name": "cerebot32mx4"},
            {"name": "cerebot32mx7"},
            {"name": "cerebot_mx3ck"},
            {"name": "chipkit_mx3"},
            {"name": "cerebot_mx3ck_512"},
            {"name": "cerebot_mx4ck"},
            {"name": "chipkit_pro_mx4"},
            {"name": "cerebot_mx7ck"},
            {"name": "chipkit_pro_mx7"},
            {"name": "chipkit_Pi"},
            {"name": "chipkit_Pi_USB_Serial"},
            {"name": "cmod"},
            {"name": "CUI32stem"},
            {"name": "ubw32_mx460"},
            {"name": "ubw32_mx795"},
            {"name": "cui32"},
            {"name": "usbono_pic32"},
            {"name": "chipkit_DP32"},
            {"name": "fubarino_mini_dev"},
            {"name": "fubarino_mini"},
            {"name": "fubarino_sd_seeed"},
            {"name": "fubarino_sd"},
            {"name": "Fubarino_SDZ"},
            {"name": "mega_pic32"},
            {"name": "mega_usb_pic32"},
            {"name": "Olimex_Pinguino32"},
            {"name": "picadillo_35t"},
            {"name": "quick240_usb_pic32"},
            {"name": "chipkit_uc32"},
            {"name": "uc32_pmod"},
            {"name": "uno_pic32"},
            {"name": "uno_pmod"},
            {"name": "chipkit_WF32"},
            {"name": "chipkit_WiFire"},
            {"name": "chipkit_WiFire_80MHz"},
            {"name": "OpenScope"},
            {"name": "openbci"},
            {"name": "Clicker2"},
            {"name": "FlipNClick_MZ"},
            {"name": "RGB_Station"},
            {"name": "DSMini"}
          ],
          "toolsDependencies": [
            {
              "packager": "chipKIT",
              "version": "1.43-pic32gcc",
              "name": "pic32-tools"
            }, 
            {
              "packager": "chipKIT",
              "version": "v2.1.37",
              "name": "pic32prog"
            },
            {
              "packager": "chipKIT",
              "version": "v2",
              "name": "drivers-windows"
            }
          ]
        },
        {
          "name": "chipKIT",
          "architecture": "pic32",
          "version": "1.4.3",
          "category": "pic32",
          "url": "https://github.com/chipKIT32/chipKIT-core/releases/download/v1.4.3/chipkit-core-16778048.master-v1.4.3.zip",
          "archiveFileName": "chipkit-core-16778048.master-v1.4.3.zip",
          "checksum": "SHA-256:38ff0a1d2ac3282c5313a59cbf47fd15b7fb3b8aa6fe5eff63d99fe9c42aa9a7",
          "size": "7674539",
          "help": {
            "online": "http://chipkit.net/started/learn-basics/"
          },
          "boards": [
            {"name": "cerebot32mx4"},
            {"name": "cerebot32mx7"},
            {"name": "cerebot_mx3ck"},
            {"name": "chipkit_mx3"},
            {"name": "cerebot_mx3ck_512"},
            {"name": "cerebot_mx4ck"},
            {"name": "chipkit_pro_mx4"},
            {"name": "cerebot_mx7ck"},
            {"name": "chipkit_pro_mx7"},
            {"name": "chipkit_Pi"},
            {"name": "chipkit_Pi_USB_Serial"},
            {"name": "cmod"},
            {"name": "CUI32stem"},
            {"name": "ubw32_mx460"},
            {"name": "ubw32_mx795"},
            {"name": "cui32"},
            {"name": "usbono_pic32"},
            {"name": "chipkit_DP32"},
            {"name": "fubarino_mini_dev"},
            {"name": "fubarino_mini"},
            {"name": "fubarino_sd_seeed"},
            {"name": "fubarino_sd"},
            {"name": "Fubarino_SDZ"},
            {"name": "mega_pic32"},
            {"name": "mega_usb_pic32"},
            {"name": "Olimex_Pinguino32"},
            {"name": "picadillo_35t"},
            {"name": "quick240_usb_pic32"},
            {"name": "chipkit_uc32"},
            {"name": "uc32_pmod"},
            {"name": "uno_pic32"},
            {"name": "uno_pmod"},
            {"name": "chipkit_WF32"},
            {"name": "chipkit_WiFire"},
            {"name": "chipkit_WiFire_80MHz"},
            {"name": "OpenScope"},
            {"name": "openbci"},
            {"name": "Clicker2"},
            {"name": "FlipNClick_MZ"}
          ],
          "toolsDependencies": [
            {
              "packager": "chipKIT",
              "version": "1.43-pic32gcc",
              "name": "pic32-tools"
            }, 
            {
              "packager": "chipKIT",
              "version": "v2.1.24",
              "name": "pic32prog"
            },
            {
              "packager": "chipKIT",
              "version": "v2",
              "name": "drivers-windows"
            }
          ]
        },
        {
          "name": "chipKIT",
          "architecture": "pic32",
          "version": "1.4.2",
          "category": "pic32",
          "url": "https://github.com/chipKIT32/chipKIT-core/releases/download/v1.4.2/chipkit-core-16778047.master-v1.4.2.zip",
          "archiveFileName": "chipkit-core-16778047.master-v1.4.2.zip",
          "checksum": "SHA-256:fb2186310abf4d9ff3904601a51e09a31f1ecb9496b3e9e82be902a3afb8d083",
          "size": "7674509",
          "help": {
            "online": "http://chipkit.net/started/learn-basics/"
          },
          "boards": [
            {"name": "cerebot32mx4"},
            {"name": "cerebot32mx7"},
            {"name": "cerebot_mx3ck"},
            {"name": "chipkit_mx3"},
            {"name": "cerebot_mx3ck_512"},
            {"name": "cerebot_mx4ck"},
            {"name": "chipkit_pro_mx4"},
            {"name": "cerebot_mx7ck"},
            {"name": "chipkit_pro_mx7"},
            {"name": "chipkit_Pi"},
            {"name": "chipkit_Pi_USB_Serial"},
            {"name": "cmod"},
            {"name": "CUI32stem"},
            {"name": "ubw32_mx460"},
            {"name": "ubw32_mx795"},
            {"name": "cui32"},
            {"name": "usbono_pic32"},
            {"name": "chipkit_DP32"},
            {"name": "fubarino_mini_dev"},
            {"name": "fubarino_mini"},
            {"name": "fubarino_sd_seeed"},
            {"name": "fubarino_sd"},
            {"name": "Fubarino_SDZ"},
            {"name": "mega_pic32"},
            {"name": "mega_usb_pic32"},
            {"name": "Olimex_Pinguino32"},
            {"name": "picadillo_35t"},
            {"name": "quick240_usb_pic32"},
            {"name": "chipkit_uc32"},
            {"name": "uc32_pmod"},
            {"name": "uno_pic32"},
            {"name": "uno_pmod"},
            {"name": "chipkit_WF32"},
            {"name": "chipkit_WiFire"},
            {"name": "chipkit_WiFire_80MHz"},
            {"name": "OpenScope"},
            {"name": "openbci"},
            {"name": "Clicker2"},
            {"name": "FlipNClick_MZ"}
          ],
          "toolsDependencies": [
            {
              "packager": "chipKIT",
              "version": "1.43-pic32gcc",
              "name": "pic32-tools"
            }, 
            {
              "packager": "chipKIT",
              "version": "v2.1.24",
              "name": "pic32prog"
            },
            {
              "packager": "chipKIT",
              "version": "v2",
              "name": "drivers-windows"
            }
          ]
        },
        {
          "name": "chipKIT",
          "architecture": "pic32",
          "version": "1.4.1",
          "category": "pic32",
          "url": "https://github.com/chipKIT32/chipKIT-core/releases/download/v1.4.1/chipkit-core-16778046.master-v1.4.1.zip",
          "archiveFileName": "chipkit-core-16778046.master-v1.4.1.zip",
          "checksum": "SHA-256:c3c4555446868ad102c3787cc2520624c5591ba2727ad76695d8b7ff06e8d1a0",
          "size": "7643442",
          "help": {
            "online": "http://chipkit.net/started/learn-basics/"
          },
          "boards": [
            {"name": "cerebot32mx4"},
            {"name": "cerebot32mx7"},
            {"name": "cerebot_mx3ck"},
            {"name": "chipkit_mx3"},
            {"name": "cerebot_mx3ck_512"},
            {"name": "cerebot_mx4ck"},
            {"name": "chipkit_pro_mx4"},
            {"name": "cerebot_mx7ck"},
            {"name": "chipkit_pro_mx7"},
            {"name": "chipkit_Pi"},
            {"name": "chipkit_Pi_USB_Serial"},
            {"name": "cmod"},
            {"name": "CUI32stem"},
            {"name": "ubw32_mx460"},
            {"name": "ubw32_mx795"},
            {"name": "cui32"},
            {"name": "usbono_pic32"},
            {"name": "chipkit_DP32"},
            {"name": "fubarino_mini_dev"},
            {"name": "fubarino_mini"},
            {"name": "fubarino_sd_seeed"},
            {"name": "fubarino_sd"},
            {"name": "Fubarino_SDZ"},
            {"name": "mega_pic32"},
            {"name": "mega_usb_pic32"},
            {"name": "Olimex_Pinguino32"},
            {"name": "picadillo_35t"},
            {"name": "quick240_usb_pic32"},
            {"name": "chipkit_uc32"},
            {"name": "uc32_pmod"},
            {"name": "uno_pic32"},
            {"name": "uno_pmod"},
            {"name": "chipkit_WF32"},
            {"name": "chipkit_WiFire"},
            {"name": "chipkit_WiFire_80MHz"},
            {"name": "OpenScope"},
            {"name": "openbci"},
            {"name": "Clicker2"}
          ],
          "toolsDependencies": [
            {
              "packager": "chipKIT",
              "version": "1.43-pic32gcc",
              "name": "pic32-tools"
            }, 
            {
              "packager": "chipKIT",
              "version": "v2.1.24",
              "name": "pic32prog"
            },
            {
              "packager": "chipKIT",
              "version": "v2",
              "name": "drivers-windows"
            }
          ]
        },
        {
          "name": "chipKIT",
          "architecture": "pic32",
          "version": "1.4.0",
          "category": "pic32",
          "url": "https://github.com/chipKIT32/chipKIT-core/releases/download/v1.4.0/chipkit-core-16778045.master-v1.4.0-1-gd3a630f.zip",
          "archiveFileName": "chipkit-core-16778045.master-v1.4.0-1-gd3a630f.zip",
          "checksum": "SHA-256:34fb7c8b9c77cb8476b9ee464ba08083093bb10b350b74121e04f9d991e14e98",
          "size": "7642901",
          "help": {
            "online": "http://chipkit.net/started/learn-basics/"
          },
          "boards": [
            {"name": "cerebot32mx4"},
            {"name": "cerebot32mx7"},
            {"name": "cerebot_mx3ck"},
            {"name": "chipkit_mx3"},
            {"name": "cerebot_mx3ck_512"},
            {"name": "cerebot_mx4ck"},
            {"name": "chipkit_pro_mx4"},
            {"name": "cerebot_mx7ck"},
            {"name": "chipkit_pro_mx7"},
            {"name": "chipkit_Pi"},
            {"name": "chipkit_Pi_USB_Serial"},
            {"name": "cmod"},
            {"name": "CUI32stem"},
            {"name": "ubw32_mx460"},
            {"name": "ubw32_mx795"},
            {"name": "cui32"},
            {"name": "usbono_pic32"},
            {"name": "chipkit_DP32"},
            {"name": "fubarino_mini_dev"},
            {"name": "fubarino_mini"},
            {"name": "fubarino_sd_seeed"},
            {"name": "fubarino_sd"},
            {"name": "Fubarino_SDZ"},
            {"name": "mega_pic32"},
            {"name": "mega_usb_pic32"},
            {"name": "Olimex_Pinguino32"},
            {"name": "picadillo_35t"},
            {"name": "quick240_usb_pic32"},
            {"name": "chipkit_uc32"},
            {"name": "uc32_pmod"},
            {"name": "uno_pic32"},
            {"name": "uno_pmod"},
            {"name": "chipkit_WF32"},
            {"name": "chipkit_WiFire"},
            {"name": "chipkit_WiFire_80MHz"},
            {"name": "OpenScope"},
            {"name": "openbci"},
            {"name": "Clicker2"}
          ],
          "toolsDependencies": [
            {
              "packager": "chipKIT",
              "version": "1.42-pic32gcc",
              "name": "pic32-tools"
            }, 
            {
              "packager": "chipKIT",
              "version": "v2.1.24",
              "name": "pic32prog"
            },
            {
              "packager": "chipKIT",
              "version": "v2",
              "name": "drivers-windows"
            }
          ]
        },
        {
          "name": "chipKIT",
          "architecture": "pic32",
          "version": "1.3.1",
          "category": "pic32",
          "url": "https://github.com/chipKIT32/chipKIT-core/releases/download/v1.3.1/chipkit-core-16778044.master-1.3.1.zip",
          "archiveFileName": "chipkit-core-16778044.master-1.3.1.zip",
          "checksum": "SHA-256:ed61390fcaf04179c4be7771e1d7e5aefb61faaffd3ffa512d3e7e216640dab9",
          "size": "7642266",
          "help": {
            "online": "http://chipkit.net/started/learn-basics/"
          },
          "boards": [
            {"name": "cerebot32mx4"},
            {"name": "cerebot32mx7"},
            {"name": "cerebot_mx3ck"},
            {"name": "chipkit_mx3"},
            {"name": "cerebot_mx3ck_512"},
            {"name": "cerebot_mx4ck"},
            {"name": "chipkit_pro_mx4"},
            {"name": "cerebot_mx7ck"},
            {"name": "chipkit_pro_mx7"},
            {"name": "chipkit_Pi"},
            {"name": "chipkit_Pi_USB_Serial"},
            {"name": "cmod"},
            {"name": "CUI32stem"},
            {"name": "ubw32_mx460"},
            {"name": "ubw32_mx795"},
            {"name": "cui32"},
            {"name": "usbono_pic32"},
            {"name": "chipkit_DP32"},
            {"name": "fubarino_mini_dev"},
            {"name": "fubarino_mini"},
            {"name": "fubarino_sd_seeed"},
            {"name": "fubarino_sd"},
            {"name": "Fubarino_SDZ"},
            {"name": "mega_pic32"},
            {"name": "mega_usb_pic32"},
            {"name": "Olimex_Pinguino32"},
            {"name": "picadillo_35t"},
            {"name": "quick240_usb_pic32"},
            {"name": "chipkit_uc32"},
            {"name": "uc32_pmod"},
            {"name": "uno_pic32"},
            {"name": "uno_pmod"},
            {"name": "chipkit_WF32"},
            {"name": "chipkit_WiFire"},
            {"name": "chipkit_WiFire_80MHz"},
            {"name": "OpenScope"},
            {"name": "openbci"},
            {"name": "Clicker2"}
          ],
          "toolsDependencies": [
            {
              "packager": "chipKIT",
              "version": "1.42-pic32gcc",
              "name": "pic32-tools"
            }, 
            {
              "packager": "chipKIT",
              "version": "v2.1.24",
              "name": "pic32prog"
            },
            {
              "packager": "chipKIT",
              "version": "v2",
              "name": "drivers-windows"
            }
          ]
        },
        {
          "name": "chipKIT",
          "architecture": "pic32",
          "version": "1.3.0",
          "category": "pic32",
          "url": "https://github.com/chipKIT32/chipKIT-core/releases/download/v1.3.0/chipkit-core-16778043.master-1.3.0.zip",
          "archiveFileName": "chipkit-core-16778043.master-1.3.0.zip",
          "checksum": "SHA-256:2995b81f20c0622c3eedd6bcaaed9815c8a84cde4f8fa9585801e43d80bd1d2a",
          "size": "7642266",
          "help": {
            "online": "http://chipkit.net/started/learn-basics/"
          },
          "boards": [
            {"name": "cerebot32mx4"},
            {"name": "cerebot32mx7"},
            {"name": "cerebot_mx3ck"},
            {"name": "chipkit_mx3"},
            {"name": "cerebot_mx3ck_512"},
            {"name": "cerebot_mx4ck"},
            {"name": "chipkit_pro_mx4"},
            {"name": "cerebot_mx7ck"},
            {"name": "chipkit_pro_mx7"},
            {"name": "chipkit_Pi"},
            {"name": "chipkit_Pi_USB_Serial"},
            {"name": "cmod"},
            {"name": "CUI32stem"},
            {"name": "ubw32_mx460"},
            {"name": "ubw32_mx795"},
            {"name": "cui32"},
            {"name": "usbono_pic32"},
            {"name": "chipkit_DP32"},
            {"name": "fubarino_mini_dev"},
            {"name": "fubarino_mini"},
            {"name": "fubarino_sd_seeed"},
            {"name": "fubarino_sd"},
            {"name": "Fubarino_SDZ"},
            {"name": "mega_pic32"},
            {"name": "mega_usb_pic32"},
            {"name": "Olimex_Pinguino32"},
            {"name": "picadillo_35t"},
            {"name": "quick240_usb_pic32"},
            {"name": "chipkit_uc32"},
            {"name": "uc32_pmod"},
            {"name": "uno_pic32"},
            {"name": "uno_pmod"},
            {"name": "chipkit_WF32"},
            {"name": "chipkit_WiFire"},
            {"name": "chipkit_WiFire_80MHz"},
            {"name": "OpenScope"},
            {"name": "openbci"},
            {"name": "Clicker2"}
          ],
          "toolsDependencies": [
            {
              "packager": "chipKIT",
              "version": "4.8.3-pic32gcc",
              "name": "pic32-tools"
            }, 
            {
              "packager": "chipKIT",
              "version": "v2.1.24",
              "name": "pic32prog"
            },
            {
              "packager": "chipKIT",
              "version": "v2",
              "name": "drivers-windows"
            }
          ]
        },
        {
          "name": "chipKIT",
          "architecture": "pic32",
          "version": "1.2.1",
          "category": "pic32",
          "url": "https://github.com/chipKIT32/chipKIT-core/releases/download/v1.2.1/chipkit-core-16778042.master-v1.2.1-13-g7cf80de.zip",
          "archiveFileName": "chipkit-core-16778042.master-v1.2.1-13-g7cf80de.zip",
          "checksum": "SHA-256:312b0bd543d242318e4ee2f3f3f6c10fb83739eeb9c72c11b6afc8fd614dcb8a",
          "size": "7638650",
          "help": {
            "online": "http://chipkit.net/started/learn-basics/"
          },
          "boards": [
            {"name": "cerebot32mx4"},
            {"name": "cerebot32mx7"},
            {"name": "cerebot_mx3ck"},
            {"name": "chipkit_mx3"},
            {"name": "cerebot_mx3ck_512"},
            {"name": "cerebot_mx4ck"},
            {"name": "chipkit_pro_mx4"},
            {"name": "cerebot_mx7ck"},
            {"name": "chipkit_pro_mx7"},
            {"name": "chipkit_Pi"},
            {"name": "chipkit_Pi_USB_Serial"},
            {"name": "cmod"},
            {"name": "CUI32stem"},
            {"name": "ubw32_mx460"},
            {"name": "ubw32_mx795"},
            {"name": "cui32"},
            {"name": "usbono_pic32"},
            {"name": "chipkit_DP32"},
            {"name": "fubarino_mini_dev"},
            {"name": "fubarino_mini"},
            {"name": "fubarino_sd_seeed"},
            {"name": "fubarino_sd"},
            {"name": "Fubarino_SDZ"},
            {"name": "mega_pic32"},
            {"name": "mega_usb_pic32"},
            {"name": "Olimex_Pinguino32"},
            {"name": "picadillo_35t"},
            {"name": "quick240_usb_pic32"},
            {"name": "chipkit_uc32"},
            {"name": "uc32_pmod"},
            {"name": "uno_pic32"},
            {"name": "uno_pmod"},
            {"name": "chipkit_WF32"},
            {"name": "chipkit_WiFire"},
            {"name": "chipkit_WiFire_80MHz"},
            {"name": "OpenScope"},
            {"name": "openbci"},
            {"name": "Clicker2"}
          ],
          "toolsDependencies": [
            {
              "packager": "chipKIT",
              "version": "4.8.3-pic32gcc",
              "name": "pic32-tools"
            }, 
            {
              "packager": "chipKIT",
              "version": "v2.0.224-pic32gcc",
              "name": "pic32prog"
            },
            {
              "packager": "chipKIT",
              "version": "v2",
              "name": "drivers-windows"
            }
          ]
        },
        {
          "name": "chipKIT",
          "architecture": "pic32",
          "version": "1.2.0",
          "category": "pic32",
          "url": "https://github.com/chipKIT32/chipKIT-core/releases/download/v1.2.0/chipkit-core-16778040.master-v1.2.0-4-g3088e62.zip",
          "archiveFileName": "chipkit-core-16778040.master-v1.2.0-4-g3088e62.zip",
          "checksum": "SHA-256:9d4fade4db74eab86089ef196f296174d6de7f1beac69115893555fd9d5ea277",
          "size": "7623829",
          "help": {
            "online": "http://chipkit.net/started/learn-basics/"
          },
          "boards": [
            {"name": "cerebot32mx4"},
            {"name": "cerebot32mx7"},
            {"name": "cerebot_mx3ck"},
            {"name": "chipkit_mx3"},
            {"name": "cerebot_mx3ck_512"},
            {"name": "cerebot_mx4ck"},
            {"name": "chipkit_pro_mx4"},
            {"name": "cerebot_mx7ck"},
            {"name": "chipkit_pro_mx7"},
            {"name": "chipkit_Pi"},
            {"name": "chipkit_Pi_USB_Serial"},
            {"name": "cmod"},
            {"name": "CUI32stem"},
            {"name": "ubw32_mx460"},
            {"name": "ubw32_mx795"},
            {"name": "cui32"},
            {"name": "usbono_pic32"},
            {"name": "chipkit_DP32"},
            {"name": "fubarino_mini_dev"},
            {"name": "fubarino_mini"},
            {"name": "fubarino_sd_seeed"},
            {"name": "fubarino_sd"},
            {"name": "Fubarino_SDZ"},
            {"name": "mega_pic32"},
            {"name": "mega_usb_pic32"},
            {"name": "Olimex_Pinguino32"},
            {"name": "picadillo_35t"},
            {"name": "quick240_usb_pic32"},
            {"name": "chipkit_uc32"},
            {"name": "uc32_pmod"},
            {"name": "uno_pic32"},
            {"name": "uno_pmod"},
            {"name": "chipkit_WF32"},
            {"name": "chipkit_WiFire"},
            {"name": "chipkit_WiFire_80MHz"},
            {"name": "OpenScope"},
            {"name": "openbci"},
            {"name": "Clicker2"}
          ],
          "toolsDependencies": [
            {
              "packager": "chipKIT",
              "version": "4.8.3-pic32gcc",
              "name": "pic32-tools"
            }, 
            {
              "packager": "chipKIT",
              "version": "v2.0.220-pic32gcc",
              "name": "pic32prog"
            },
            {
              "packager": "chipKIT",
              "version": "v1",
              "name": "drivers-windows"
            }
          ]
        },
        {
          "name": "chipKIT",
          "architecture": "pic32",
          "version": "1.1.0",
          "category": "pic32",
          "url": "https://github.com/chipKIT32/chipKIT-core/releases/download/v1.1.0/chipkit-core-16778040.master-v1.1.0-14-gefc7212.zip",
          "archiveFileName": "chipkit-core-16778040.master-v1.1.0-14-gefc7212.zip",
          "checksum": "SHA-256:69de2862c18404be07a65d05dc8bbb4a10f21cf3ede40209d39ceebe95687122",
          "size": "7492794",
          "help": {
            "online": "http://chipkit.net/started/learn-basics/"
          },
          "boards": [
            {"name": "cerebot32mx4"},
            {"name": "cerebot32mx7"},
            {"name": "cerebot_mx3ck"},
            {"name": "chipkit_mx3"},
            {"name": "cerebot_mx3ck_512"},
            {"name": "cerebot_mx4ck"},
            {"name": "chipkit_pro_mx4"},
            {"name": "cerebot_mx7ck"},
            {"name": "chipkit_pro_mx7"},
            {"name": "chipkit_Pi"},
            {"name": "chipkit_Pi_USB_Serial"},
            {"name": "cmod"},
            {"name": "CUI32stem"},
            {"name": "ubw32_mx460"},
            {"name": "ubw32_mx795"},
            {"name": "cui32"},
            {"name": "usbono_pic32"},
            {"name": "chipkit_DP32"},
            {"name": "fubarino_mini_dev"},
            {"name": "fubarino_mini"},
            {"name": "fubarino_sd_seeed"},
            {"name": "fubarino_sd"},
            {"name": "Fubarino_SDZ"},
            {"name": "mega_pic32"},
            {"name": "mega_usb_pic32"},
            {"name": "Olimex_Pinguino32"},
            {"name": "picadillo_35t"},
            {"name": "quick240_usb_pic32"},
            {"name": "chipkit_uc32"},
            {"name": "uc32_pmod"},
            {"name": "uno_pic32"},
            {"name": "uno_pmod"},
            {"name": "chipkit_WF32"},
            {"name": "chipkit_WiFire"},
            {"name": "chipkit_WiFire_80MHz"},
            {"name": "OpenScope"},
            {"name": "openbci"},
            {"name": "Clicker2"}
          ],
          "toolsDependencies": [
            {
              "packager": "chipKIT",
              "version": "4.8.3-pic32gcc",
              "name": "pic32-tools"
            }, 
            {
              "packager": "chipKIT",
              "version": "v1.0.01-pic32gcc",
              "name": "pic32prog"
            },
            {
              "packager": "chipKIT",
              "version": "v1",
              "name": "drivers-windows"
            }
          ]
        },
        {
          "name": "chipKIT",
          "architecture": "pic32",
          "version": "1.0.1",
          "category": "pic32",
          "url": "https://github.com/chipKIT32/chipKIT-core/releases/download/v1.0.1/chipkit-core-16778039.master-v1.0.1-43-gcbc083f.zip",
          "archiveFileName": "chipkit-core-16778039.master-v1.0.1-43-gcbc083f.zip",
          "checksum": "SHA-256:72f6102750b2816ebb1be5785f4cfafa3da0eb842c7010d24cebe4e819cf0f31",
          "help": {
            "online": "http://chipkit.net/started/learn-basics/"
          },
          "boards": [
            {"name": "cerebot32mx4"},
            {"name": "cerebot32mx7"},
            {"name": "cerebot_mx3ck"},
            {"name": "chipkit_mx3"},
            {"name": "cerebot_mx3ck_512"},
            {"name": "cerebot_mx4ck"},
            {"name": "chipkit_pro_mx4"},
            {"name": "cerebot_mx7ck"},
            {"name": "chipkit_pro_mx7"},
            {"name": "chipkit_Pi"},
            {"name": "chipkit_Pi_USB_Serial"},
            {"name": "cmod"},
            {"name": "CUI32stem"},
            {"name": "ubw32_mx460"},
            {"name": "ubw32_mx795"},
            {"name": "cui32"},
            {"name": "usbono_pic32"},
            {"name": "chipkit_DP32"},
            {"name": "fubarino_mini_dev"},
            {"name": "fubarino_mini"},
            {"name": "fubarino_sd_seeed"},
            {"name": "fubarino_sd"},
            {"name": "Fubarino_SDZ"},
            {"name": "mega_pic32"},
            {"name": "mega_usb_pic32"},
            {"name": "Olimex_Pinguino32"},
            {"name": "picadillo_35t"},
            {"name": "quick240_usb_pic32"},
            {"name": "chipkit_uc32"},
            {"name": "uc32_pmod"},
            {"name": "uno_pic32"},
            {"name": "uno_pmod"},
            {"name": "chipkit_WF32"},
            {"name": "chipkit_WiFire"},
            {"name": "chipkit_WiFire_80MHz"},
            {"name": "OpenScope"},
            {"name": "openbci"},
            {"name": "Clicker2"}
          ],
          "toolsDependencies": [
            {
              "packager": "chipKIT",
              "version": "4.8.3-pic32gcc",
              "name": "pic32-tools"
            }, 
            {
              "packager": "chipKIT",
              "version": "v1.0.01-pic32gcc",
              "name": "pic32prog"
            }
          ],
          "size": "7486796"
        }
      ],
      "tools": [
        {
          "version": "1.43-pic32gcc",
          "name": "pic32-tools",
          "systems": [
            {
              "url": "https://github.com/chipKIT32/chipKIT-compiler-builds/releases/download/1.43-3/pic32-tools-143-3-win32-image.tar.gz",
              "checksum": "SHA-256:24e2f82884efd5fbbab7d11a6333995187b9a7c4a8a3abc1fade69904ee9fc7a",
              "host": "i686-mingw32",
              "archiveFileName": "pic32-tools-143-3-win32-image.tar.gz",
              "size": "132994414"
            }, 
            {
              "url": "https://github.com/chipKIT32/chipKIT-compiler-builds/releases/download/1.43-3/pic32-tools-143-3-Darwin-image.tar.gz",
              "checksum": "SHA-256:8b7e4c659789f3c930499005c83c91ddaac24f0f80396947a60ce385a66cb05d",
              "host": "i386-apple-darwin",
              "archiveFileName": "pic32-tools-143-3-Darwin-image.tar.gz",
              "size": "132122806"
            }, 
            {
              "url": "https://github.com/chipKIT32/chipKIT-compiler-builds/releases/download/1.43-3/pic32-tools-143-3-Linux32-image.tar.gz",
              "checksum": "SHA-256:A9C9254B8563D48736429A37AA6BA96C6AC28EA5E0A3E7F9B75E860F74F2A50F",
              "host": "x86_64-linux-gnu",
              "archiveFileName": "pic32-tools-143-3-Linux32-image.tar.gz",
              "size": "134890316"
            }, 
            {
              "url": "https://github.com/chipKIT32/chipKIT-compiler-builds/releases/download/1.43-3/pic32-tools-143-3-Linux32-image.tar.gz",
              "checksum": "SHA-256:A9C9254B8563D48736429A37AA6BA96C6AC28EA5E0A3E7F9B75E860F74F2A50F",
              "host": "i686-pc-linux-gnu",
              "archiveFileName": "pic32-tools-143-3-Linux32-image.tar.gz",
              "size": "134890316"
            }, 
            {
              "url": "https://github.com/chipKIT32/chipKIT-compiler-builds/releases/download/1.43-3/pic32-tools-143-3-arm-linux-image.tar.gz",
              "checksum": "SHA-256:5b4a6cc16bcf3455db5fe9e229212385177b3c4064b7bff31dfb043379c39ce3",
              "host": "arm-linux-gnueabihf",
              "archiveFileName": "pic32-tools-143-3-arm-linux-image.tar.gz",
              "size": "134299837"
            }
          ]
        },
        {
          "version": "1.42-pic32gcc",
          "name": "pic32-tools",
          "systems": [
            {
              "url": "https://github.com/chipKIT32/chipKIT-compiler-builds/releases/download/1.42/pic32-tools-142-win32-image.tar.gz",
              "checksum": "SHA-256:55ab340eb99a49773735b58ff51a65d7993a7a8d78d7f0a1d6b0bc056f0a6985",
              "host": "i686-mingw32",
              "archiveFileName": "pic32-tools-142-win32-image.tar.gz",
              "size": "126646484"
            }, 
            {
              "url": "https://github.com/chipKIT32/chipKIT-compiler-builds/releases/download/1.42/pic32-tools-142-Darwin-image.tar.gz",
              "checksum": "SHA-256:aa63591a918e8c2f0742354c2a22fbb12307b6125217fe0bb36f1c92abec07d9",
              "host": "i386-apple-darwin",
              "archiveFileName": "pic32-tools-142-Darwin-image.tar.gz",
              "size": "127083368"
            }, 
            {
              "url": "https://github.com/chipKIT32/chipKIT-compiler-builds/releases/download/1.42/pic32-tools-142-Linux32-image.tar.gz",
              "checksum": "SHA-256:0bc8148cb8ffb9248920480f1792252b971ed4a88800862f33f8da59471d1f71",
              "host": "x86_64-linux-gnu",
              "archiveFileName": "pic32-tools-142-Linux32-image.tar.gz",
              "size": "128502802"
            }, 
            {
              "url": "https://github.com/chipKIT32/chipKIT-compiler-builds/releases/download/1.42/pic32-tools-142-Linux32-image.tar.gz",
              "checksum": "SHA-256:0bc8148cb8ffb9248920480f1792252b971ed4a88800862f33f8da59471d1f71",
              "host": "i686-pc-linux-gnu",
              "archiveFileName": "pic32-tools-142-Linux32-image.tar.gz",
              "size": "128502802"
            }, 
            {
              "url": "https://github.com/chipKIT32/chipKIT-compiler-builds/releases/download/1.42/pic32-tools-142-arm-linux-image.tar.gz",
              "checksum": "SHA-256:edef77a03f3668ca86cc68b64b51835900c0ad4417d003f492a4fb74fc6efee3",
              "host": "arm-linux-gnueabihf",
              "archiveFileName": "pic32-tools-142-arm-linux-image.tar.gz",
              "size": "130808256"
            }
          ]
        },
        {
          "version": "4.8.3-pic32gcc",
          "name": "pic32-tools",
          "systems": [
            {
              "url": "https://github.com/chipKIT32/chipKIT-core/releases/download/v1.0.1/pic32-tools-chipKIT-cxx-master-win32-image.zip",
              "checksum": "SHA-256:3601B978C209262CC0537138EE431A1D77029649DE0956CE8E1C2F15714161F6",
              "host": "i686-mingw32",
              "archiveFileName": "pic32-tools-chipKIT-cxx-master-win32-image.zip",
              "size": "186744977"
            }, 
            {
              "url": "https://github.com/chipKIT32/chipKIT-core/releases/download/v1.0.1/pic32-tools-chipKIT-cxx-master-Darwin-image.tar.gz",
              "checksum": "SHA-256:abf60aba418a0ae8295411a7ae784cf3a65779c8a89457e5eb9e7a6a7c2a9c51",
              "host": "i386-apple-darwin",
              "archiveFileName": "pic32-tools-chipKIT-cxx-master-Darwin-image.tar.gz",
              "size": "99409750"
            }, 
            {
              "url": "https://github.com/chipKIT32/chipKIT-core/releases/download/v1.0.1/pic32-tools-chipKIT-cxx-master-Linux32-image.tar.gz",
              "checksum": "SHA-256:dcd504b81ab531fc3a325e24c0a0250997492843a20d53360bbf34cef170bac7",
              "host": "x86_64-linux-gnu",
              "archiveFileName": "pic32-tools-chipKIT-cxx-master-Linux32-image.tar.gz",
              "size": "100765964"
            }, 
            {
              "url": "https://github.com/chipKIT32/chipKIT-core/releases/download/v1.0.1/pic32-tools-chipKIT-cxx-master-Linux32-image.tar.gz",
              "checksum": "SHA-256:dcd504b81ab531fc3a325e24c0a0250997492843a20d53360bbf34cef170bac7",
              "host": "i686-pc-linux-gnu",
              "archiveFileName": "pic32-tools-chipKIT-cxx-master-Linux32-image.tar.gz",
              "size": "100765964"
            }, 
            {
              "url": "https://github.com/chipKIT32/chipKIT-core/releases/download/v1.0.1/pic32-tools-chipKIT-cxx-master-arm-linux-image.tar.gz",
              "checksum": "SHA-256:9f03328d2ec90900daf6eb1554c63a76144456b4fcc0bc4d6ff2291713e646f2",
              "host": "arm-linux-gnueabihf",
              "archiveFileName": "pic32-tools-chipKIT-cxx-master-arm-linux-image.tar.gz",
              "size": "97933297"
            }
          ]
        },
        {
          "name": "pic32prog",
          "version": "v2.1.41",
          "systems": [
            {
              "host": "i386-apple-darwin11",
              "url": "https://github.com/majenkotech/pic32prog-autotools/releases/download/2.1.41/pic32prog-osx-fat-2.1.41.tar.gz",
              "archiveFileName": "pic32prog-osx-fat-2.1.41.tar.gz",
              "size": "217693",
              "checksum": "SHA-256:a38081ced6c72a04abefe317a4f605b5ce46d7330c6c342b4c506c139bc788bc"
            }, 
            {
              "host": "x86_64-linux-gnu",
              "url": "https://github.com/majenkotech/pic32prog-autotools/releases/download/2.1.41/pic32prog-debian-64-2.1.41.tar.gz",
              "archiveFileName": "pic32prog-debian-64-2.1.41.tar.gz",
              "size": "244811",
              "checksum": "SHA-256:c10179c791421eeeccc8381763c151e087e809a86d3075317cd915a883fcf102"
            }, 
            {
              "host": "i686-pc-linux-gnu", 
              "url": "https://github.com/majenkotech/pic32prog-autotools/releases/download/2.1.41/pic32prog-debian-32-2.1.41.tar.gz",
              "archiveFileName": "pic32prog-debian-32-2.1.41.tar.gz",
              "size": "121660",
              "checksum": "SHA-256:3ed6eacaf567d939af4322a2533a65fbae6d6c45eedfa4cff50457e475811271"
            }, 
            {
              "host": "i686-mingw32",
              "url": "https://github.com/majenkotech/pic32prog-autotools/releases/download/2.1.41/pic32prog-win32-2.1.41.tar.gz",
              "archiveFileName": "pic32prog-windows-2.1.41.tar.gz",
              "size": "351669",
              "checksum": "SHA-256:bc870c881e1add5ef5adf955b2730b65f780d2e0366bb9f880f05d1fee70e329"
            }, 
            {
              "host": "arm-linux-gnueabihf",
              "url": "https://github.com/majenkotech/pic32prog-autotools/releases/download/2.1.41/pic32prog-debian-armhf-2.1.41.tar.gz",
              "archiveFileName": "pic32prog-debian-armhf-2.1.41.tar.gz",
              "size": "196357",
              "checksum": "SHA-256:78e9b8b024835ebb7eb291213723271e68bba04f4326cfe2557be895b7670632"
            }
          ]
        },
        {
          "name": "pic32prog",
          "version": "v2.1.37",
          "systems": [
            {
              "host": "i386-apple-darwin11",
              "url": "https://github.com/majenkotech/pic32prog-autotools/releases/download/2.1.37/pic32prog-osx-fat-2.1.37.tar.gz",
              "archiveFileName": "pic32prog-osx-fat-2.1.37.tar.gz",
              "size": "216566",
              "checksum": "SHA-256:3b786623885c653312c362802333d0c0f51c4db354c123202bf6f2bb5a87f533"
            }, 
            {
              "host": "x86_64-linux-gnu",
              "url": "https://github.com/majenkotech/pic32prog-autotools/releases/download/2.1.37/pic32prog-debian-64-2.1.37.tar.gz",
              "archiveFileName": "pic32prog-debian-64-2.1.37.tar.gz",
              "size": "244217",
              "checksum": "SHA-256:1dce4353859560889b813537cbbdbfdaa2aaf99a5217677450d6a9085bf8dd25"
            }, 
            {
              "host": "i686-pc-linux-gnu", 
              "url": "https://github.com/majenkotech/pic32prog-autotools/releases/download/2.1.37/pic32prog-debian-32-2.1.37.tar.gz",
              "archiveFileName": "pic32prog-debian-32-2.1.37.tar.gz",
              "size": "120842",
              "checksum": "SHA-256:dd4dd24c9a16add58164fa51ca099199100de02e84eb28c5e0edaae02748a889"
            }, 
            {
              "host": "i686-mingw32",
              "url": "https://github.com/majenkotech/pic32prog-autotools/releases/download/2.1.37/pic32prog-win32-2.1.37.tar.gz",
              "archiveFileName": "pic32prog-windows-2.1.37.tar.gz",
              "size": "351317",
              "checksum": "SHA-256:25de088e817dda29a4f174ddfc23f711867726c2cad921a1451f097153c6e1d3"
            }, 
            {
              "host": "arm-linux-gnueabihf",
              "url": "https://github.com/majenkotech/pic32prog-autotools/releases/download/2.1.37/pic32prog-debian-armhf-2.1.37.tar.gz",
              "archiveFileName": "pic32prog-debian-armhf-2.1.37.tar.gz",
              "size": "195923",
              "checksum": "SHA-256:a9b0731c5aca0427bf67134d04e2d6daa8682c1a26890192f8611230c8050d3b"
            }
          ]
        },
        {
          "name": "pic32prog",
          "version": "v2.1.24",
          "systems": [
            {
              "host": "i386-apple-darwin11",
              "url": "https://github.com/majenkotech/pic32prog-autotools/releases/download/2.1.24/pic32prog-macosx-2.1.24.tar.gz",
              "archiveFileName": "pic32prog-macosx-2.1.24.tar.gz",
              "size": "213586",
              "checksum": "SHA-256:9ab16bb8704700495108bc468ff9dc74c9a0adc2eb8c4afcde19bf637974a39f"
            }, 
            {
              "host": "x86_64-linux-gnu",
              "url": "https://github.com/majenkotech/pic32prog-autotools/releases/download/2.1.24/pic32prog-linux64-2.1.24.tar.gz",
              "archiveFileName": "pic32prog-linux64-2.1.24.tar.gz",
              "size": "201018",
              "checksum": "SHA-256:f3db46b088b955dcaf53a82cd39f7a024b0047f454368abd219c2868eff97b33"
            }, 
            {
              "host": "i686-pc-linux-gnu", 
              "url": "https://github.com/majenkotech/pic32prog-autotools/releases/download/2.1.24/pic32prog-linux32-2.1.24.tar.gz",
              "archiveFileName": "pic32prog-linux32-2.1.24.tar.gz",
              "size": "182424",
              "checksum": "SHA-256:d7d3113ec0dd369079b6f4817003d834dee5528339f358ceefc8336ed1fff4a8"
            }, 
            {
              "host": "i686-mingw32",
              "url": "https://github.com/majenkotech/pic32prog-autotools/releases/download/2.1.24/pic32prog-windows-2.1.24.tar.gz",
              "archiveFileName": "pic32prog-windows-2.1.24.tar.gz",
              "size": "246361",
              "checksum": "SHA-256:19e6c147ed96dc5585c38a2ebde88fbe9fe8ceeabc929aae7e3a0ed7e475a99d"
            }, 
            {
              "host": "arm-linux-gnueabihf",
              "url": "https://github.com/majenkotech/pic32prog-autotools/releases/download/2.1.24/pic32prog-armlinux-2.1.24.tar.gz",
              "archiveFileName": "pic32prog-armlinux-2.1.24.tar.gz",
              "size": "189337",
              "checksum": "SHA-256:5b153e6aeb2ce3063d4a3178826427f953caa2c1772f06d1a8099cab6fcfc42b"
            }
          ]
        },
        {
          "name": "pic32prog",
          "version": "v2.0.224-pic32gcc",
          "systems": [
            {
              "host": "i386-apple-darwin11",
              "url": "https://github.com/chipKIT32/chipKIT-core/releases/download/v1.2.0/pic32prog-macosx_2_0_220.tar.gz",
              "archiveFileName": "pic32prog-macosx_2_0_220.tar.gz",
              "size": "184974",
              "checksum": "SHA-256:ed47999be31cc50cd083f7d16c909a3aeb59366f87fb17c3726287dc4bb49319"
            }, 
            {
              "host": "x86_64-linux-gnu",
              "url": "https://github.com/chipKIT32/chipKIT-core/releases/download/v1.2.1/pic32prog-linux64_2_0_224.tar.gz",
              "archiveFileName": "pic32prog-linux64_2_0_224.tar.gz",
              "size": "187187",
              "checksum": "SHA-256:E5E89CBCA2F5EA9038D23400883C9990F31EC2EC0076FD54353A2AA447DE50E5"
            }, 
            {
              "host": "i686-pc-linux-gnu", 
              "url": "https://github.com/chipKIT32/chipKIT-core/releases/download/v1.2.1/pic32prog-linux32_2_0_224.tar.gz",
              "archiveFileName": "pic32prog-linux32_2_0_224.tar.gz",
              "size": "175510",
              "checksum": "SHA-256:037DA2461DC340EE20D0B5D2F4DD5DBAAD7FB57CDDC2852E3EEAFB78FB95BB62"
            }, 
            {
              "host": "i686-mingw32",
              "url": "https://github.com/chipKIT32/chipKIT-core/releases/download/v1.2.1/pic32prog-windows_2_0_224.zip",
              "archiveFileName": "pic32prog-windows_2_0_224.zip",
              "size": "114018",
              "checksum": "SHA-256:ECC58A7C95720F4C47B98932F7297A2BF57E42E32D231AB9770472EC0C1F2530"
            }, 
            {
              "host": "arm-linux-gnueabihf",
              "url": "https://github.com/chipKIT32/chipKIT-core/releases/download/v1.2.1/pic32prog-armlinux_2_0_224.tar.gz",
              "archiveFileName": "pic32prog-armlinux_2_0_224.tar.gz",
              "size": "174996",
              "checksum": "SHA-256:6FAEDF08D76FA87C8ACC93C3B52E2BB6B63DAD518015AD0F65E03EBC0D1B8032"
            }
          ]
        },
        {
          "name": "pic32prog",
          "version": "v2.0.220-pic32gcc",
          "systems": [
            {
              "host": "i386-apple-darwin11",
              "url": "https://github.com/chipKIT32/chipKIT-core/releases/download/v1.2.0/pic32prog-macosx_2_0_220.tar.gz",
              "archiveFileName": "pic32prog-macosx_2_0_220.tar.gz",
              "size": "184974",
              "checksum": "SHA-256:ed47999be31cc50cd083f7d16c909a3aeb59366f87fb17c3726287dc4bb49319"
            }, 
            {
              "host": "x86_64-linux-gnu",
              "url": "https://github.com/chipKIT32/chipKIT-core/releases/download/v1.2.0/pic32prog-linux64_2_0_220.tar.gz",
              "archiveFileName": "pic32prog-linux64_2_0_220.tar.gz",
              "size": "106598",
              "checksum": "SHA-256:edf0c3d363506ee293fbba25104af183263cca5c8e422fec18d9522357685b50"
            }, 
            {
              "host": "i686-pc-linux-gnu", 
              "url": "https://github.com/chipKIT32/chipKIT-core/releases/download/v1.2.0/pic32prog-linux32_2_0_220.tar.gz",
              "archiveFileName": "pic32prog-linux32_2_0_220.tar.gz",
              "size": "110579",
              "checksum": "SHA-256:7e715d33e87ebbcd114be8388ff96e10d6c01954e281137496fcef496a1e0957"
            }, 
            {
              "host": "i686-mingw32",
              "url": "https://github.com/chipKIT32/chipKIT-core/releases/download/v1.2.0/pic32prog-windows_2_0_220.zip",
              "archiveFileName": "pic32prog-windows_2_0_220.zip",
              "size": "108652",
              "checksum": "SHA-256:5B82FF78C44F03E01A14E657875638C05032BDCC5CEB20244C52DADE2120DB5D"
            }, 
            {
              "host": "arm-linux-gnueabihf",
              "url": "https://github.com/chipKIT32/chipKIT-core/releases/download/v1.2.0/pic32prog-armlinux_2_0_220.tar.gz",
              "archiveFileName": "pic32prog-armlinux_2_0_220.tar.gz",
              "size": "120325",
              "checksum": "SHA-256:fc7db1a43ebf06e7105ac2a112aad90731f9b54790960087161ae5b8767120e4"
            }
          ]
        },
        {
          "name": "pic32prog",
          "version": "v1.0.01-pic32gcc",
          "systems": [
            {
              "host": "i386-apple-darwin11",
              "url": "https://github.com/chipKIT32/chipKIT-core/releases/download/v1.0.1/pic32prog-macosx.tar.gz",
              "archiveFileName": "pic32prog-macosx.tar.gz",
              "size": "151829",
              "checksum": "SHA-256:6edcc9c886882e8b54a7286e3fd6ae9928cd15dafb8ddf15d8bd8c37c3caf2a8"
            }, 
            {
              "host": "x86_64-linux-gnu",
              "url": "https://github.com/chipKIT32/chipKIT-core/releases/download/v1.0.1/pic32prog-linux64.tar.gz",
              "archiveFileName": "pic32prog-linux64.tar.gz",
              "size": "103729",
              "checksum": "SHA-256:1f291bc9889a7fa72c0dea3e6ed273e8ad044f211dd9603055e39ee111de13fb"
            }, 
            {
              "host": "i686-pc-linux-gnu", 
              "url": "https://github.com/chipKIT32/chipKIT-core/releases/download/v1.0.1/pic32prog-linux32.tar.gz",
              "archiveFileName": "pic32prog-linux32.tar.gz",
              "size": "110658",
              "checksum": "SHA-256:13a8f838f976f96326179b3955eb2d5ea1eb17e66638c456cec1aa92b5531165"
            }, 
            {
              "host": "i686-mingw32",
              "url": "https://github.com/chipKIT32/chipKIT-core/releases/download/v1.0.1/pic32prog-windows.zip",
              "archiveFileName": "pic32prog-windows.zip",
              "size": "51434",
              "checksum": "SHA-256:C8F91AD8D29ED4EE2249B8EB9AB476F0B4CB54FF5F856C5953A1DC2EE1D51D19"
            }, 
            {
              "host": "arm-linux-gnueabihf",
              "url": "https://github.com/chipKIT32/chipKIT-core/releases/download/v1.0.1/pic32prog-armlinux.zip",
              "archiveFileName": "pic32prog-armlinux.zip",
              "size": "120326",
              "checksum": "SHA-256:e3b0c44298fc1c149afbf4c8996fb92427ae41e4649b934ca495991b7852b855"
            }
          ]
        },
        {
          "name": "drivers-windows",
          "version": "v2",
          "systems": [
            {
              "host": "i686-mingw32",
              "url": "https://github.com/chipKIT32/chipKIT-drivers/releases/download/v2.0/chipKIT_USB_drivers_windows_v2.zip",
              "archiveFileName": "chipKIT_USB_drivers_windows_v2.zip",
              "size": "962019",
              "checksum": "SHA-256:39F16651C21F451D106B8CDA5281D16129D755A73728E976A725341F3F671A5F"
            },
            {
              "host": "i386-apple-darwin11",
              "url": "https://github.com/chipKIT32/chipKIT-drivers/releases/download/v2.0/chipKIT_USB_drivers_otherOSes_v2.zip",
              "archiveFileName": "chipKIT_USB_drivers_otherOSes_v2.zip",
              "size": "162",
              "checksum": "SHA-256:83320249BEAF1BD023A7E42DA0A8717421681B62F070331DF6084048F8D763F8"
            }, 
            {
              "host": "x86_64-linux-gnu",
              "url": "https://github.com/chipKIT32/chipKIT-drivers/releases/download/v2.0/chipKIT_USB_drivers_otherOSes_v2.zip",
              "archiveFileName": "chipKIT_USB_drivers_otherOSes_v2.zip",
              "size": "162",
              "checksum": "SHA-256:83320249BEAF1BD023A7E42DA0A8717421681B62F070331DF6084048F8D763F8"
            }, 
            {
              "host": "i686-pc-linux-gnu", 
              "url": "https://github.com/chipKIT32/chipKIT-drivers/releases/download/v2.0/chipKIT_USB_drivers_otherOSes_v2.zip",
              "archiveFileName": "chipKIT_USB_drivers_otherOSes_v2.zip",
              "size": "162",
              "checksum": "SHA-256:83320249BEAF1BD023A7E42DA0A8717421681B62F070331DF6084048F8D763F8"
            }, 
            {
              "host": "arm-linux-gnueabihf",
              "url": "https://github.com/chipKIT32/chipKIT-drivers/releases/download/v2.0/chipKIT_USB_drivers_otherOSes_v2.zip",
              "archiveFileName": "chipKIT_USB_drivers_otherOSes_v2.zip",
              "size": "162",
              "checksum": "SHA-256:83320249BEAF1BD023A7E42DA0A8717421681B62F070331DF6084048F8D763F8"
            }
          ]
        },
        {
          "name": "drivers-windows",
          "version": "v1",
          "systems": [
            {
              "host": "i686-mingw32",
              "url": "https://github.com/chipKIT32/chipKIT-drivers/releases/download/v1.0/drivers_windows_v1.zip",
              "archiveFileName": "drivers_windows_v1.zip",
              "size": "962019",
              "checksum": "SHA-256:39F16651C21F451D106B8CDA5281D16129D755A73728E976A725341F3F671A5F"
            },
            {
              "host": "i386-apple-darwin11",
              "url": "https://github.com/chipKIT32/chipKIT-drivers/releases/download/v1.0/otherOSes.zip",
              "archiveFileName": "otherOSes.zip",
              "size": "162",
              "checksum": "SHA-256:83320249BEAF1BD023A7E42DA0A8717421681B62F070331DF6084048F8D763F8"
            }, 
            {
              "host": "x86_64-linux-gnu",
              "url": "https://github.com/chipKIT32/chipKIT-drivers/releases/download/v1.0/otherOSes.zip",
              "archiveFileName": "otherOSes.zip",
              "size": "162",
              "checksum": "SHA-256:83320249BEAF1BD023A7E42DA0A8717421681B62F070331DF6084048F8D763F8"
            }, 
            {
              "host": "i686-pc-linux-gnu", 
              "url": "https://github.com/chipKIT32/chipKIT-drivers/releases/download/v1.0/otherOSes.zip",
              "archiveFileName": "otherOSes.zip",
              "size": "162",
              "checksum": "SHA-256:83320249BEAF1BD023A7E42DA0A8717421681B62F070331DF6084048F8D763F8"
            }, 
            {
              "host": "arm-linux-gnueabihf",
              "url": "https://github.com/chipKIT32/chipKIT-drivers/releases/download/v1.0/otherOSes.zip",
              "archiveFileName": "otherOSes.zip",
              "size": "162",
              "checksum": "SHA-256:83320249BEAF1BD023A7E42DA0A8717421681B62F070331DF6084048F8D763F8"
            }
          ]
        }
      ],
      "email": "packages@chipkit.net",
      "name": "chipKIT"
    }
  ]
}
